224941564	v3 Finalizer	active	.github/workflows/v3-finalizer.yml
225058763	v3 Scrape Template	active	.github/workflows/v3-scrape-template.yml
225061032	CI Gates - Quality & Budget Checks	active	.github/workflows/ci-gates.yml
225061033	Cleanup Daily Snapshots	active	.github/workflows/cleanup-daily-snapshots.yml
226498514	WP16 Manual - Market Prices (Stooq)	active	.github/workflows/wp16-manual-market-prices.yml
227016585	Refresh Health Assets	active	.github/workflows/refresh-health-assets.yml
227442620	Ops Daily Snapshot	active	.github/workflows/ops-daily.yml
227511913	EOD Latest (NASDAQ-100)	active	.github/workflows/eod-latest.yml
228731024	Scheduler Kick	active	.github/workflows/scheduler-kick.yml
228798833	e2e-playwright	active	.github/workflows/e2e-playwright.yml
230643544	Forecast Daily Pipeline	active	.github/workflows/forecast-daily.yml
230643545	Forecast Monthly Report	active	.github/workflows/forecast-monthly.yml
230643546	Forecast Weekly Training	active	.github/workflows/forecast-weekly.yml
230903513	CI Determinism Check	active	.github/workflows/ci-determinism.yml
230903514	CI Policy Check	active	.github/workflows/ci-policy.yml
230903515	EOD History Refresh	active	.github/workflows/eod-history-refresh.yml
230907136	Forecast Rollback	active	.github/workflows/forecast-rollback.yml
230907137	Ops Auto-Alerts	active	.github/workflows/ops-auto-alerts.yml
231381266	Universe Refresh	active	.github/workflows/universe-refresh.yml
232183192	Monitor Production Artifacts	active	.github/workflows/monitor-prod.yml
